asset_id,n_obs,coverage,first_date,last_date,ann_vol,valid
I3GBR030,130,0.5,2015-01-31 00:00:00+00:00,2025-10-31 00:00:00+00:00,0.18556242303449386,False
I3GBR105,130,0.5,2015-01-31 00:00:00+00:00,2025-10-31 00:00:00+00:00,0.18077183880535178,False
I3GRC020,130,0.5,2015-01-31 00:00:00+00:00,2025-10-31 00:00:00+00:00,0.2601927901372077,False
I3GBR117,130,0.5,2015-01-31 00:00:00+00:00,2025-10-31 00:00:00+00:00,0.26224257288580455,False
I3GBR116,130,0.5,2015-01-31 00:00:00+00:00,2025-10-31 00:00:00+00:00,0.345512452424356,False
I3GBR115,130,0.5,2015-01-31 00:00:00+00:00,2025-10-31 00:00:00+00:00,0.27059576954132475,False
I3GBR114,130,0.5,2015-01-31 00:00:00+00:00,2025-10-31 00:00:00+00:00,0.18061948400024347,False
I3GBR113,130,0.5,2015-01-31 00:00:00+00:00,2025-10-31 00:00:00+00:00,0.18744095502769603,False
I3GBR112,130,0.5,2015-01-31 00:00:00+00:00,2025-10-31 00:00:00+00:00,0.179979999329808,False
I3GBR111,130,0.5,2015-01-31 00:00:00+00:00,2025-10-31 00:00:00+00:00,0.37880622723104146,False
I3GBR110,130,0.5,2015-01-31 00:00:00+00:00,2025-10-31 00:00:00+00:00,0.24820338574138767,False
I3GBR109,130,0.5,2015-01-31 00:00:00+00:00,2025-10-31 00:00:00+00:00,0.2858549734222139,False
I3GBR108,130,0.5,2015-01-31 00:00:00+00:00,2025-10-31 00:00:00+00:00,0.25498451257911187,False
I3GBR107,130,0.5,2015-01-31 00:00:00+00:00,2025-10-31 00:00:00+00:00,0.286386774860178,False
I3GBR106,130,0.5,2015-01-31 00:00:00+00:00,2025-10-31 00:00:00+00:00,0.16170242886392558,False
I3GBR104,130,0.5,2015-01-31 00:00:00+00:00,2025-10-31 00:00:00+00:00,0.26486721527223034,False
I3HRV001,130,0.5,2015-01-31 00:00:00+00:00,2025-10-31 00:00:00+00:00,0.13028819525948526,False
I3GBR103,130,0.5,2015-01-31 00:00:00+00:00,2025-10-31 00:00:00+00:00,0.2061159582878305,False
I3GBR102,130,0.5,2015-01-31 00:00:00+00:00,2025-10-31 00:00:00+00:00,0.18382548141601493,False
I3GBR101,130,0.5,2015-01-31 00:00:00+00:00,2025-10-31 00:00:00+00:00,0.34686901399782444,False
I3GBR100,130,0.5,2015-01-31 00:00:00+00:00,2025-10-31 00:00:00+00:00,0.22570301721535638,False
I3GBR099,130,0.5,2015-01-31 00:00:00+00:00,2025-10-31 00:00:00+00:00,0.5458465359142746,False
I3GBR098,130,0.5,2015-01-31 00:00:00+00:00,2025-10-31 00:00:00+00:00,0.16686223429695882,False
I3GBR097,130,0.5,2015-01-31 00:00:00+00:00,2025-10-31 00:00:00+00:00,0.1153910788523089,False
I3GBR085,130,0.5,2015-01-31 00:00:00+00:00,2025-10-31 00:00:00+00:00,0.1614092988578992,False
I3GBR083,130,0.5,2015-01-31 00:00:00+00:00,2025-10-31 00:00:00+00:00,0.36261924481978147,False
I3GBR082,130,0.5,2015-01-31 00:00:00+00:00,2025-10-31 00:00:00+00:00,0.3212286077169213,False
I3GBR081,130,0.5,2015-01-31 00:00:00+00:00,2025-10-31 00:00:00+00:00,0.21725074240697784,False
I3GBR077,130,0.5,2015-01-31 00:00:00+00:00,2025-10-31 00:00:00+00:00,0.22895029909306436,False
I3GBR076,130,0.5,2015-01-31 00:00:00+00:00,2025-10-31 00:00:00+00:00,0.2283950626164385,False
I3GRC021,130,0.5,2015-01-31 00:00:00+00:00,2025-10-31 00:00:00+00:00,0.3610211881020013,False
I3HUN001,130,0.5,2015-01-31 00:00:00+00:00,2025-10-31 00:00:00+00:00,0.18222049035231438,False
I4BRA002,130,0.5,2015-01-31 00:00:00+00:00,2025-10-31 00:00:00+00:00,0.22234364045294397,False
I3NOR006,130,0.5,2015-01-31 00:00:00+00:00,2025-10-31 00:00:00+00:00,0.13698417856351897,False
I3TUR002,130,0.5,2015-01-31 00:00:00+00:00,2025-10-31 00:00:00+00:00,1.449299050202524,False
I3TUR001,130,0.5,2015-01-31 00:00:00+00:00,2025-10-31 00:00:00+00:00,1.4387016576357692,False
I3SWE004,130,0.5,2015-01-31 00:00:00+00:00,2025-10-31 00:00:00+00:00,0.15102408197992243,False
I3SWE003,130,0.5,2015-01-31 00:00:00+00:00,2025-10-31 00:00:00+00:00,0.15609594089077122,False
I3SWE002,130,0.5,2015-01-31 00:00:00+00:00,2025-10-31 00:00:00+00:00,0.1574074192293487,False
I3SWE001,130,0.5,2015-01-31 00:00:00+00:00,2025-10-31 00:00:00+00:00,0.1620654294161996,False
I3SVK001,130,0.5,2015-01-31 00:00:00+00:00,2025-10-31 00:00:00+00:00,0.12207563149935179,False
I3ROM001,130,0.5,2015-01-31 00:00:00+00:00,2025-10-31 00:00:00+00:00,0.16273024951189347,False
I3PRT015,130,0.5,2015-01-31 00:00:00+00:00,2025-10-31 00:00:00+00:00,0.1502899530734241,False
I3PRT014,130,0.5,2015-01-31 00:00:00+00:00,2025-10-31 00:00:00+00:00,0.15426432392586942,False
I3PRT002,130,0.5,2015-01-31 00:00:00+00:00,2025-10-31 00:00:00+00:00,0.15683302951473854,False
I3POL001,130,0.5,2015-01-31 00:00:00+00:00,2025-10-31 00:00:00+00:00,0.18025244797867668,False
I3NOR007,130,0.5,2015-01-31 00:00:00+00:00,2025-10-31 00:00:00+00:00,0.12692451771019042,False
I3NOR004,130,0.5,2015-01-31 00:00:00+00:00,2025-10-31 00:00:00+00:00,0.13523424617918461,False
I3IRL001,130,0.5,2015-01-31 00:00:00+00:00,2025-10-31 00:00:00+00:00,0.17919927028960997,False
I3NOR002,130,0.5,2015-01-31 00:00:00+00:00,2025-10-31 00:00:00+00:00,0.12873114938440636,False
I3NLD015,130,0.5,2015-01-31 00:00:00+00:00,2025-10-31 00:00:00+00:00,0.17315363200194867,False
I3NLD014,130,0.5,2015-01-31 00:00:00+00:00,2025-10-31 00:00:00+00:00,0.1424817418348449,False
I3NLD013,130,0.5,2015-01-31 00:00:00+00:00,2025-10-31 00:00:00+00:00,0.17689843613426148,False
I3NLD012,130,0.5,2015-01-31 00:00:00+00:00,2025-10-31 00:00:00+00:00,0.17902209538372307,False
I3MLT002,130,0.5,2015-01-31 00:00:00+00:00,2025-10-31 00:00:00+00:00,0.10995390202025325,False
I3LUX001,130,0.5,2015-01-31 00:00:00+00:00,2025-10-31 00:00:00+00:00,0.21933401092292515,False
I3ITA029,130,0.5,2015-01-31 00:00:00+00:00,2025-10-31 00:00:00+00:00,0.19523905098941308,False
I3ITA028,130,0.5,2015-01-31 00:00:00+00:00,2025-10-31 00:00:00+00:00,0.1951672325543364,False
I3ITA003,130,0.5,2015-01-31 00:00:00+00:00,2025-10-31 00:00:00+00:00,0.19418025767073785,False
I3ISL001,130,0.5,2015-01-31 00:00:00+00:00,2025-10-31 00:00:00+00:00,0.15571657512431564,False
I3IRL004,130,0.5,2015-01-31 00:00:00+00:00,2025-10-31 00:00:00+00:00,0.1797694555581548,False
I3IRL002,130,0.5,2015-01-31 00:00:00+00:00,2025-10-31 00:00:00+00:00,0.37360890972680827,False
I3GBR075,130,0.5,2015-01-31 00:00:00+00:00,2025-10-31 00:00:00+00:00,0.19678350167903078,False
I3GBR074,130,0.5,2015-01-31 00:00:00+00:00,2025-10-31 00:00:00+00:00,0.17821015816264543,False
I3GBR073,130,0.5,2015-01-31 00:00:00+00:00,2025-10-31 00:00:00+00:00,0.22704066393636388,False
I3GBR010,130,0.5,2015-01-31 00:00:00+00:00,2025-10-31 00:00:00+00:00,0.21932404690497512,False
I3GBR024,130,0.5,2015-01-31 00:00:00+00:00,2025-10-31 00:00:00+00:00,0.24322718776539412,False
I3GBR023,130,0.5,2015-01-31 00:00:00+00:00,2025-10-31 00:00:00+00:00,0.23523518376323238,False
I3GBR022,130,0.5,2015-01-31 00:00:00+00:00,2025-10-31 00:00:00+00:00,0.3192820690395359,False
I3GBR021,130,0.5,2015-01-31 00:00:00+00:00,2025-10-31 00:00:00+00:00,0.11406348579455436,False
I3GBR020,130,0.5,2015-01-31 00:00:00+00:00,2025-10-31 00:00:00+00:00,0.36261927089985585,False
I3GBR019,130,0.5,2015-01-31 00:00:00+00:00,2025-10-31 00:00:00+00:00,0.21357076866122698,False
I3GBR018,130,0.5,2015-01-31 00:00:00+00:00,2025-10-31 00:00:00+00:00,0.18097782004971727,False
I3GBR017,130,0.5,2015-01-31 00:00:00+00:00,2025-10-31 00:00:00+00:00,0.20213288542048605,False
I3GBR016,130,0.5,2015-01-31 00:00:00+00:00,2025-10-31 00:00:00+00:00,0.19442471813119278,False
I3GBR014,130,0.5,2015-01-31 00:00:00+00:00,2025-10-31 00:00:00+00:00,0.17744995222947776,False
I3GBR013,130,0.5,2015-01-31 00:00:00+00:00,2025-10-31 00:00:00+00:00,0.21969558375250198,False
I3GBR012,130,0.5,2015-01-31 00:00:00+00:00,2025-10-31 00:00:00+00:00,0.15455685986636522,False
I3GBR011,130,0.5,2015-01-31 00:00:00+00:00,2025-10-31 00:00:00+00:00,0.15192378946856108,False
I3GBR009,130,0.5,2015-01-31 00:00:00+00:00,2025-10-31 00:00:00+00:00,0.22131808488449722,False
I3GBR072,130,0.5,2015-01-31 00:00:00+00:00,2025-10-31 00:00:00+00:00,0.2289500284925152,False
I3GBR008,130,0.5,2015-01-31 00:00:00+00:00,2025-10-31 00:00:00+00:00,0.16395192926305502,False
I3GBR007,130,0.5,2015-01-31 00:00:00+00:00,2025-10-31 00:00:00+00:00,0.18840848366094087,False
I3GBR006,130,0.5,2015-01-31 00:00:00+00:00,2025-10-31 00:00:00+00:00,0.26050652305489186,False
I3GBR005,130,0.5,2015-01-31 00:00:00+00:00,2025-10-31 00:00:00+00:00,0.13163421672791575,False
I3GBR004,130,0.5,2015-01-31 00:00:00+00:00,2025-10-31 00:00:00+00:00,0.18931725432142626,False
I3GBR003,130,0.5,2015-01-31 00:00:00+00:00,2025-10-31 00:00:00+00:00,0.16092659447048938,False
I3GBR001,130,0.5,2015-01-31 00:00:00+00:00,2025-10-31 00:00:00+00:00,0.12123815500669952,False
I3FRA006,130,0.5,2015-01-31 00:00:00+00:00,2025-10-31 00:00:00+00:00,0.16076258034121668,False
I3FRA005,130,0.5,2015-01-31 00:00:00+00:00,2025-10-31 00:00:00+00:00,0.16090999922618704,False
I3FRA004,130,0.5,2015-01-31 00:00:00+00:00,2025-10-31 00:00:00+00:00,0.15892820540073524,False
I3FRA002,130,0.5,2015-01-31 00:00:00+00:00,2025-10-31 00:00:00+00:00,0.15790178886559408,False
I3FRA001,130,0.5,2015-01-31 00:00:00+00:00,2025-10-31 00:00:00+00:00,0.16196302224299214,False
I3FIN022,130,0.5,2015-01-31 00:00:00+00:00,2025-10-31 00:00:00+00:00,0.15305339510007943,False
I3GBR025,130,0.5,2015-01-31 00:00:00+00:00,2025-10-31 00:00:00+00:00,0.14575263159536747,False
I3GBR026,130,0.5,2015-01-31 00:00:00+00:00,2025-10-31 00:00:00+00:00,0.16104901273606811,False
I3GBR027,130,0.5,2015-01-31 00:00:00+00:00,2025-10-31 00:00:00+00:00,0.22093852172442896,False
I3GBR028,130,0.5,2015-01-31 00:00:00+00:00,2025-10-31 00:00:00+00:00,0.16053229881675166,False
I3GBR069,130,0.5,2015-01-31 00:00:00+00:00,2025-10-31 00:00:00+00:00,0.15905487594005185,False
I3GBR068,130,0.5,2015-01-31 00:00:00+00:00,2025-10-31 00:00:00+00:00,0.12062546406027762,False
I3GBR067,130,0.5,2015-01-31 00:00:00+00:00,2025-10-31 00:00:00+00:00,0.21470686082543278,False
I3GBR066,130,0.5,2015-01-31 00:00:00+00:00,2025-10-31 00:00:00+00:00,0.15576425766272195,False
I3GBR065,130,0.5,2015-01-31 00:00:00+00:00,2025-10-31 00:00:00+00:00,0.12171743435260547,False
I3GBR062,130,0.5,2015-01-31 00:00:00+00:00,2025-10-31 00:00:00+00:00,0.12085302390812984,False
I3GBR059,130,0.5,2015-01-31 00:00:00+00:00,2025-10-31 00:00:00+00:00,0.12113100416396325,False
I3GBR057,130,0.5,2015-01-31 00:00:00+00:00,2025-10-31 00:00:00+00:00,0.16618738370731082,False
I3GBR056,130,0.5,2015-01-31 00:00:00+00:00,2025-10-31 00:00:00+00:00,0.13598631954517984,False
I3GBR055,130,0.5,2015-01-31 00:00:00+00:00,2025-10-31 00:00:00+00:00,0.15209745376698905,False
I3GBR054,130,0.5,2015-01-31 00:00:00+00:00,2025-10-31 00:00:00+00:00,0.12126142329266655,False
I3GBR053,130,0.5,2015-01-31 00:00:00+00:00,2025-10-31 00:00:00+00:00,0.12137415566830526,False
I3GBR052,130,0.5,2015-01-31 00:00:00+00:00,2025-10-31 00:00:00+00:00,0.13815192842906263,False
I3GBR050,130,0.5,2015-01-31 00:00:00+00:00,2025-10-31 00:00:00+00:00,0.15264377378479638,False
I3GBR049,130,0.5,2015-01-31 00:00:00+00:00,2025-10-31 00:00:00+00:00,0.12044513920307784,False
I3GBR048,130,0.5,2015-01-31 00:00:00+00:00,2025-10-31 00:00:00+00:00,0.27285136878603444,False
I3GBR047,130,0.5,2015-01-31 00:00:00+00:00,2025-10-31 00:00:00+00:00,0.23580695900807863,False
I3GBR045,130,0.5,2015-01-31 00:00:00+00:00,2025-10-31 00:00:00+00:00,0.41724457899917256,False
I3GBR044,130,0.5,2015-01-31 00:00:00+00:00,2025-10-31 00:00:00+00:00,0.20337755252423959,False
I3GBR043,130,0.5,2015-01-31 00:00:00+00:00,2025-10-31 00:00:00+00:00,0.2122530350873909,False
I3GBR042,130,0.5,2015-01-31 00:00:00+00:00,2025-10-31 00:00:00+00:00,0.1574585482933279,False
I3GBR040,130,0.5,2015-01-31 00:00:00+00:00,2025-10-31 00:00:00+00:00,0.3824134641997027,False
I3GBR039,130,0.5,2015-01-31 00:00:00+00:00,2025-10-31 00:00:00+00:00,0.3267154999754357,False
I3GBR035,130,0.5,2015-01-31 00:00:00+00:00,2025-10-31 00:00:00+00:00,0.2515117206390483,False
I3GBR033,130,0.5,2015-01-31 00:00:00+00:00,2025-10-31 00:00:00+00:00,0.21991615170433115,False
I3GBR032,130,0.5,2015-01-31 00:00:00+00:00,2025-10-31 00:00:00+00:00,0.15034391171852368,False
I3GBR029,130,0.5,2015-01-31 00:00:00+00:00,2025-10-31 00:00:00+00:00,0.17140299725531616,False
I4ARG003,130,0.5,2015-01-31 00:00:00+00:00,2025-10-31 00:00:00+00:00,0.473005368607129,False
I4BRA003,130,0.5,2015-01-31 00:00:00+00:00,2025-10-31 00:00:00+00:00,0.21767152411679302,False
I3FIN020,130,0.5,2015-01-31 00:00:00+00:00,2025-10-31 00:00:00+00:00,0.1504923593356457,False
I6UNK125,130,0.5,2015-01-31 00:00:00+00:00,2025-10-31 00:00:00+00:00,0.15133603035948243,False
I6UNK143,130,0.5,2015-01-31 00:00:00+00:00,2025-10-31 00:00:00+00:00,0.18302737250541318,False
I6UNK142,130,0.5,2015-01-31 00:00:00+00:00,2025-10-31 00:00:00+00:00,0.22053878745828875,False
I6UNK141,130,0.5,2015-01-31 00:00:00+00:00,2025-10-31 00:00:00+00:00,0.1571044331814123,False
I6UNK140,130,0.5,2015-01-31 00:00:00+00:00,2025-10-31 00:00:00+00:00,0.26252566276654404,False
I6UNK139,130,0.5,2015-01-31 00:00:00+00:00,2025-10-31 00:00:00+00:00,0.18255410084650442,False
I6UNK138,130,0.5,2015-01-31 00:00:00+00:00,2025-10-31 00:00:00+00:00,0.20557822985031451,False
I6UNK136,130,0.5,2015-01-31 00:00:00+00:00,2025-10-31 00:00:00+00:00,0.16393730339159202,False
I6UNK135,130,0.5,2015-01-31 00:00:00+00:00,2025-10-31 00:00:00+00:00,0.2207630868123266,False
I6UNK133,130,0.5,2015-01-31 00:00:00+00:00,2025-10-31 00:00:00+00:00,0.14039203405047032,False
I6UNK132,130,0.5,2015-01-31 00:00:00+00:00,2025-10-31 00:00:00+00:00,0.13795407020699377,False
I6UNK131,130,0.5,2015-01-31 00:00:00+00:00,2025-10-31 00:00:00+00:00,0.19704633138289793,False
I6UNK130,130,0.5,2015-01-31 00:00:00+00:00,2025-10-31 00:00:00+00:00,0.16228536521178077,False
I6UNK127,130,0.5,2015-01-31 00:00:00+00:00,2025-10-31 00:00:00+00:00,0.14910067367337101,False
I6UNK121,130,0.5,2015-01-31 00:00:00+00:00,2025-10-31 00:00:00+00:00,0.1537846146907433,False
I6UNK146,130,0.5,2015-01-31 00:00:00+00:00,2025-10-31 00:00:00+00:00,0.24480439012356991,False
I6UNK119,130,0.5,2015-01-31 00:00:00+00:00,2025-10-31 00:00:00+00:00,0.14817923655506318,False
I6UNK118,130,0.5,2015-01-31 00:00:00+00:00,2025-10-31 00:00:00+00:00,0.1801056445469643,False
I6UNK113,130,0.5,2015-01-31 00:00:00+00:00,2025-10-31 00:00:00+00:00,0.2794052803872035,False
I6UNK112,130,0.5,2015-01-31 00:00:00+00:00,2025-10-31 00:00:00+00:00,0.14546418745120615,False
I6UNK111,130,0.5,2015-01-31 00:00:00+00:00,2025-10-31 00:00:00+00:00,0.1448058068263056,False
I6UNK110,130,0.5,2015-01-31 00:00:00+00:00,2025-10-31 00:00:00+00:00,0.13848640506917648,False
I6UNK108,130,0.5,2015-01-31 00:00:00+00:00,2025-10-31 00:00:00+00:00,0.19965484002149056,False
I6UNK107,130,0.5,2015-01-31 00:00:00+00:00,2025-10-31 00:00:00+00:00,0.1487291124060275,False
I6UNK086,130,0.5,2015-01-31 00:00:00+00:00,2025-10-31 00:00:00+00:00,0.1365121122060657,False
I6UNK085,130,0.5,2015-01-31 00:00:00+00:00,2025-10-31 00:00:00+00:00,0.15857915105223522,False
I6UNK084,130,0.5,2015-01-31 00:00:00+00:00,2025-10-31 00:00:00+00:00,0.14139317192711234,False
I6UNK083,130,0.5,2015-01-31 00:00:00+00:00,2025-10-31 00:00:00+00:00,0.14798033538563862,False
I6UNK082,130,0.5,2015-01-31 00:00:00+00:00,2025-10-31 00:00:00+00:00,0.1496073423859889,False
I6UNK144,130,0.5,2015-01-31 00:00:00+00:00,2025-10-31 00:00:00+00:00,0.13763235630903317,False
I6UNK147,130,0.5,2015-01-31 00:00:00+00:00,2025-10-31 00:00:00+00:00,0.22546016802563945,False
I4CHL002,130,0.5,2015-01-31 00:00:00+00:00,2025-10-31 00:00:00+00:00,0.17227693008381698,False
I6UNK166,130,0.5,2015-01-31 00:00:00+00:00,2025-10-31 00:00:00+00:00,0.15707334440957788,False
I6USA008,130,0.5,2015-01-31 00:00:00+00:00,2025-10-31 00:00:00+00:00,0.19218195706806807,False
I6USA007,130,0.5,2015-01-31 00:00:00+00:00,2025-10-31 00:00:00+00:00,0.17029601787865492,False
I6USA006,130,0.5,2015-01-31 00:00:00+00:00,2025-10-31 00:00:00+00:00,0.15897250728185097,False
I6USA005,130,0.5,2015-01-31 00:00:00+00:00,2025-10-31 00:00:00+00:00,0.15933047725294083,False
I6USA004,130,0.5,2015-01-31 00:00:00+00:00,2025-10-31 00:00:00+00:00,0.1600517745258939,False
I6UNK175,130,0.5,2015-01-31 00:00:00+00:00,2025-10-31 00:00:00+00:00,0.35085608034909804,False
I6UNK173,130,0.5,2015-01-31 00:00:00+00:00,2025-10-31 00:00:00+00:00,0.15441257821870513,False
I6UNK172,130,0.5,2015-01-31 00:00:00+00:00,2025-10-31 00:00:00+00:00,0.1634971924902167,False
I6UNK171,130,0.5,2015-01-31 00:00:00+00:00,2025-10-31 00:00:00+00:00,0.20805840265799797,False
I6UNK170,130,0.5,2015-01-31 00:00:00+00:00,2025-10-31 00:00:00+00:00,0.17759969432899797,False
I6UNK169,130,0.5,2015-01-31 00:00:00+00:00,2025-10-31 00:00:00+00:00,0.19970067218229912,False
I6UNK168,130,0.5,2015-01-31 00:00:00+00:00,2025-10-31 00:00:00+00:00,0.1235032015911631,False
I6UNK167,130,0.5,2015-01-31 00:00:00+00:00,2025-10-31 00:00:00+00:00,0.14010587141420547,False
I6UNK164,130,0.5,2015-01-31 00:00:00+00:00,2025-10-31 00:00:00+00:00,0.12749410802360991,False
I6UNK148,130,0.5,2015-01-31 00:00:00+00:00,2025-10-31 00:00:00+00:00,0.15480033628510012,False
I6UNK163,130,0.5,2015-01-31 00:00:00+00:00,2025-10-31 00:00:00+00:00,0.17636345429858588,False
I6UNK162,130,0.5,2015-01-31 00:00:00+00:00,2025-10-31 00:00:00+00:00,0.1618589626014436,False
I6UNK161,130,0.5,2015-01-31 00:00:00+00:00,2025-10-31 00:00:00+00:00,0.1631651954146101,False
I6UNK160,130,0.5,2015-01-31 00:00:00+00:00,2025-10-31 00:00:00+00:00,0.17517501269382885,False
I6UNK159,130,0.5,2015-01-31 00:00:00+00:00,2025-10-31 00:00:00+00:00,0.2467954990870548,False
I6UNK158,130,0.5,2015-01-31 00:00:00+00:00,2025-10-31 00:00:00+00:00,0.25131790141711124,False
I6UNK157,130,0.5,2015-01-31 00:00:00+00:00,2025-10-31 00:00:00+00:00,0.25613507478184067,False
I6UNK156,130,0.5,2015-01-31 00:00:00+00:00,2025-10-31 00:00:00+00:00,0.19427039997094497,False
I6UNK155,130,0.5,2015-01-31 00:00:00+00:00,2025-10-31 00:00:00+00:00,0.22387729206968746,False
I6UNK153,130,0.5,2015-01-31 00:00:00+00:00,2025-10-31 00:00:00+00:00,0.20491651282784037,False
I6UNK152,130,0.5,2015-01-31 00:00:00+00:00,2025-10-31 00:00:00+00:00,0.17257593347074254,False
I6UNK151,130,0.5,2015-01-31 00:00:00+00:00,2025-10-31 00:00:00+00:00,0.1944782038438628,False
I6UNK150,130,0.5,2015-01-31 00:00:00+00:00,2025-10-31 00:00:00+00:00,0.13287486953305383,False
I6UNK081,130,0.5,2015-01-31 00:00:00+00:00,2025-10-31 00:00:00+00:00,0.16070296428093755,False
I6UNK059,130,0.5,2015-01-31 00:00:00+00:00,2025-10-31 00:00:00+00:00,0.1391834494542584,False
I6UNK058,130,0.5,2015-01-31 00:00:00+00:00,2025-10-31 00:00:00+00:00,0.1317545515753513,False
I6UNK006,130,0.5,2015-01-31 00:00:00+00:00,2025-10-31 00:00:00+00:00,0.13575906957149136,False
I6UNK025,130,0.5,2015-01-31 00:00:00+00:00,2025-10-31 00:00:00+00:00,0.14777034421144133,False
I6UNK024,130,0.5,2015-01-31 00:00:00+00:00,2025-10-31 00:00:00+00:00,0.1516511819119874,False
I6UNK023,130,0.5,2015-01-31 00:00:00+00:00,2025-10-31 00:00:00+00:00,0.1407486847707331,False
I6UNK022,130,0.5,2015-01-31 00:00:00+00:00,2025-10-31 00:00:00+00:00,0.16390540765804915,False
I6UNK021,130,0.5,2015-01-31 00:00:00+00:00,2025-10-31 00:00:00+00:00,0.15447686149385126,False
I6UNK020,130,0.5,2015-01-31 00:00:00+00:00,2025-10-31 00:00:00+00:00,0.1406029884814704,False
I6UNK019,130,0.5,2015-01-31 00:00:00+00:00,2025-10-31 00:00:00+00:00,0.14280987877101423,False
I6UNK018,130,0.5,2015-01-31 00:00:00+00:00,2025-10-31 00:00:00+00:00,0.18079493637147415,False
I6UNK017,130,0.5,2015-01-31 00:00:00+00:00,2025-10-31 00:00:00+00:00,0.1692210786050816,False
I6UNK016,130,0.5,2015-01-31 00:00:00+00:00,2025-10-31 00:00:00+00:00,0.12167399823007596,False
I6UNK015,130,0.5,2015-01-31 00:00:00+00:00,2025-10-31 00:00:00+00:00,0.13169920047802638,False
I6UNK008,130,0.5,2015-01-31 00:00:00+00:00,2025-10-31 00:00:00+00:00,0.15619924865989643,False
I6UNK007,130,0.5,2015-01-31 00:00:00+00:00,2025-10-31 00:00:00+00:00,0.1607596809330077,False
I6UNK005,130,0.5,2015-01-31 00:00:00+00:00,2025-10-31 00:00:00+00:00,0.163034705688024,False
I6UNK057,130,0.5,2015-01-31 00:00:00+00:00,2025-10-31 00:00:00+00:00,0.16442370281342503,False
I6UNK004,130,0.5,2015-01-31 00:00:00+00:00,2025-10-31 00:00:00+00:00,0.15766973704567586,False
I6UNK003,130,0.5,2015-01-31 00:00:00+00:00,2025-10-31 00:00:00+00:00,0.15744920664321993,False
I6UNK002,130,0.5,2015-01-31 00:00:00+00:00,2025-10-31 00:00:00+00:00,0.17097231878396302,False
I6UNK001,130,0.5,2015-01-31 00:00:00+00:00,2025-10-31 00:00:00+00:00,0.14800785976654326,False
I5CAN004,130,0.5,2015-01-31 00:00:00+00:00,2025-10-31 00:00:00+00:00,0.12529268891833514,False
I5CAN003,130,0.5,2015-01-31 00:00:00+00:00,2025-10-31 00:00:00+00:00,0.12817467905913305,False
I4VEN002,130,0.5,2015-01-31 00:00:00+00:00,2025-10-31 00:00:00+00:00,4.196545079164028,False
I4MEX005,130,0.5,2015-01-31 00:00:00+00:00,2025-10-31 00:00:00+00:00,0.15432995212436587,False
I4MEX003,130,0.5,2015-01-31 00:00:00+00:00,2025-10-31 00:00:00+00:00,0.15826999904096822,False
I4MEX001,130,0.5,2015-01-31 00:00:00+00:00,2025-10-31 00:00:00+00:00,0.1558944720854615,False
I4JAM001,130,0.5,2015-01-31 00:00:00+00:00,2025-10-31 00:00:00+00:00,0.17140123330902016,False
I4COL002,130,0.5,2015-01-31 00:00:00+00:00,2025-10-31 00:00:00+00:00,0.2280321096256565,False
I4CHL003,130,0.5,2015-01-31 00:00:00+00:00,2025-10-31 00:00:00+00:00,0.1829305127607039,False
I6UNK026,130,0.5,2015-01-31 00:00:00+00:00,2025-10-31 00:00:00+00:00,0.1604757037376797,False
I6UNK027,130,0.5,2015-01-31 00:00:00+00:00,2025-10-31 00:00:00+00:00,0.19009855382778473,False
I6UNK028,130,0.5,2015-01-31 00:00:00+00:00,2025-10-31 00:00:00+00:00,0.19345553961381246,False
I6UNK029,130,0.5,2015-01-31 00:00:00+00:00,2025-10-31 00:00:00+00:00,0.161489563590788,False
I6UNK056,130,0.5,2015-01-31 00:00:00+00:00,2025-10-31 00:00:00+00:00,0.14814942461073524,False
I6UNK055,130,0.5,2015-01-31 00:00:00+00:00,2025-10-31 00:00:00+00:00,0.16680495555365707,False
I6UNK054,130,0.5,2015-01-31 00:00:00+00:00,2025-10-31 00:00:00+00:00,0.1743119849866776,False
I6UNK053,130,0.5,2015-01-31 00:00:00+00:00,2025-10-31 00:00:00+00:00,0.2737560061163176,False
I6UNK052,130,0.5,2015-01-31 00:00:00+00:00,2025-10-31 00:00:00+00:00,0.14669677036844236,False
I6UNK051,130,0.5,2015-01-31 00:00:00+00:00,2025-10-31 00:00:00+00:00,0.1453798196837449,False
I6UNK050,130,0.5,2015-01-31 00:00:00+00:00,2025-10-31 00:00:00+00:00,0.14756798951575195,False
I6UNK049,130,0.5,2015-01-31 00:00:00+00:00,2025-10-31 00:00:00+00:00,0.14356811251580107,False
I6UNK048,130,0.5,2015-01-31 00:00:00+00:00,2025-10-31 00:00:00+00:00,0.14593967967119847,False
I6UNK047,130,0.5,2015-01-31 00:00:00+00:00,2025-10-31 00:00:00+00:00,0.16636248840638704,False
I6UNK046,130,0.5,2015-01-31 00:00:00+00:00,2025-10-31 00:00:00+00:00,0.14868439845276593,False
I6UNK045,130,0.5,2015-01-31 00:00:00+00:00,2025-10-31 00:00:00+00:00,0.1622233036107733,False
I6UNK044,130,0.5,2015-01-31 00:00:00+00:00,2025-10-31 00:00:00+00:00,0.18179623369241613,False
I6UNK043,130,0.5,2015-01-31 00:00:00+00:00,2025-10-31 00:00:00+00:00,0.16478092013158793,False
I6UNK042,130,0.5,2015-01-31 00:00:00+00:00,2025-10-31 00:00:00+00:00,0.2737556699527784,False
I6UNK041,130,0.5,2015-01-31 00:00:00+00:00,2025-10-31 00:00:00+00:00,0.3710287868790104,False
I6UNK040,130,0.5,2015-01-31 00:00:00+00:00,2025-10-31 00:00:00+00:00,0.16418096941888793,False
I6UNK039,130,0.5,2015-01-31 00:00:00+00:00,2025-10-31 00:00:00+00:00,0.3350375078325832,False
I6UNK038,130,0.5,2015-01-31 00:00:00+00:00,2025-10-31 00:00:00+00:00,0.14717300021023189,False
I6UNK037,130,0.5,2015-01-31 00:00:00+00:00,2025-10-31 00:00:00+00:00,0.1478267847263834,False
I6UNK036,130,0.5,2015-01-31 00:00:00+00:00,2025-10-31 00:00:00+00:00,0.16324891108769268,False
I6UNK035,130,0.5,2015-01-31 00:00:00+00:00,2025-10-31 00:00:00+00:00,0.14410497171293776,False
I6UNK034,130,0.5,2015-01-31 00:00:00+00:00,2025-10-31 00:00:00+00:00,0.1711315430750365,False
I6UNK033,130,0.5,2015-01-31 00:00:00+00:00,2025-10-31 00:00:00+00:00,0.16612964086794077,False
I6UNK032,130,0.5,2015-01-31 00:00:00+00:00,2025-10-31 00:00:00+00:00,0.18177610456383494,False
I6UNK031,130,0.5,2015-01-31 00:00:00+00:00,2025-10-31 00:00:00+00:00,0.17195910258760289,False
I6UNK030,130,0.5,2015-01-31 00:00:00+00:00,2025-10-31 00:00:00+00:00,0.1528884670139127,False
I3FIN021,130,0.5,2015-01-31 00:00:00+00:00,2025-10-31 00:00:00+00:00,0.14853746969487,False
VNQ,130,0.5,2015-01-01 05:00:00+00:00,2025-10-01 04:00:00+00:00,0.1818382128113127,False
I3DEU020,130,0.5,2015-01-31 00:00:00+00:00,2025-10-31 00:00:00+00:00,0.2000328077181837,False
I3ESP005,130,0.5,2015-01-31 00:00:00+00:00,2025-10-31 00:00:00+00:00,0.18049340930869104,False
I3DEU010,130,0.5,2015-01-31 00:00:00+00:00,2025-10-31 00:00:00+00:00,0.1693774767342765,False
I3DEU009,130,0.5,2015-01-31 00:00:00+00:00,2025-10-31 00:00:00+00:00,0.17436498699098196,False
I3DEU008,130,0.5,2015-01-31 00:00:00+00:00,2025-10-31 00:00:00+00:00,0.17030530477993833,False
I3DEU007,130,0.5,2015-01-31 00:00:00+00:00,2025-10-31 00:00:00+00:00,0.17011739164447326,False
I3DEU005,130,0.5,2015-01-31 00:00:00+00:00,2025-10-31 00:00:00+00:00,0.1687013272248572,False
I3DEU004,130,0.5,2015-01-31 00:00:00+00:00,2025-10-31 00:00:00+00:00,0.17462884505984538,False
I3DEU003,130,0.5,2015-01-31 00:00:00+00:00,2025-10-31 00:00:00+00:00,0.16926322642927066,False
I3DEU001,130,0.5,2015-01-31 00:00:00+00:00,2025-10-31 00:00:00+00:00,0.17031099473662906,False
I3CZE002,130,0.5,2015-01-31 00:00:00+00:00,2025-10-31 00:00:00+00:00,0.14902525315737156,False
I3CHE019,130,0.5,2015-01-31 00:00:00+00:00,2025-10-31 00:00:00+00:00,0.12058651462833435,False
I3CHE018,130,0.5,2015-01-31 00:00:00+00:00,2025-10-31 00:00:00+00:00,0.12166387916332158,False
I3CHE017,130,0.5,2015-01-31 00:00:00+00:00,2025-10-31 00:00:00+00:00,0.12032151366833123,False
I2JPN018,130,0.5,2015-01-31 00:00:00+00:00,2025-10-31 00:00:00+00:00,0.17049973402718696,False
I2JPN020,130,0.5,2015-01-31 00:00:00+00:00,2025-10-31 00:00:00+00:00,0.21569741584238014,False
I2JPN021,130,0.5,2015-01-31 00:00:00+00:00,2025-10-31 00:00:00+00:00,0.23522797092045136,False
I2JPN022,130,0.5,2015-01-31 00:00:00+00:00,2025-10-31 00:00:00+00:00,0.1533168302924267,False
I2JPN023,130,0.5,2015-01-31 00:00:00+00:00,2025-10-31 00:00:00+00:00,0.15010712375416105,False
I2JPN024,130,0.5,2015-01-31 00:00:00+00:00,2025-10-31 00:00:00+00:00,0.198837707613686,False
I2JPN025,130,0.5,2015-01-31 00:00:00+00:00,2025-10-31 00:00:00+00:00,0.17404330778232335,False
I2JPN026,130,0.5,2015-01-31 00:00:00+00:00,2025-10-31 00:00:00+00:00,0.13106919282342494,False
I2JPN027,130,0.5,2015-01-31 00:00:00+00:00,2025-10-31 00:00:00+00:00,0.20599696454510144,False
I2JPN028,130,0.5,2015-01-31 00:00:00+00:00,2025-10-31 00:00:00+00:00,0.13998536685836185,False
I2JPN029,130,0.5,2015-01-31 00:00:00+00:00,2025-10-31 00:00:00+00:00,0.21327423554829072,False
I2JPN030,130,0.5,2015-01-31 00:00:00+00:00,2025-10-31 00:00:00+00:00,0.26767441997156444,False
I2JPN031,130,0.5,2015-01-31 00:00:00+00:00,2025-10-31 00:00:00+00:00,0.16043196646007568,False
I3DEU011,130,0.5,2015-01-31 00:00:00+00:00,2025-10-31 00:00:00+00:00,0.2689901017472763,False
I3DEU012,130,0.5,2015-01-31 00:00:00+00:00,2025-10-31 00:00:00+00:00,0.33792262818490004,False
I3DEU014,130,0.5,2015-01-31 00:00:00+00:00,2025-10-31 00:00:00+00:00,0.18800159863993496,False
I3DNK001,130,0.5,2015-01-31 00:00:00+00:00,2025-10-31 00:00:00+00:00,0.17520164883343195,False
I3ESP003,130,0.5,2015-01-31 00:00:00+00:00,2025-10-31 00:00:00+00:00,0.181611110090043,False
I3ESP002,130,0.5,2015-01-31 00:00:00+00:00,2025-10-31 00:00:00+00:00,0.18232197514006684,False
I3DNK014,130,0.5,2015-01-31 00:00:00+00:00,2025-10-31 00:00:00+00:00,0.1758304868048211,False
I3DNK013,130,0.5,2015-01-31 00:00:00+00:00,2025-10-31 00:00:00+00:00,0.1565014845613946,False
I2JPN010,130,0.5,2015-01-31 00:00:00+00:00,2025-10-31 00:00:00+00:00,0.14708068589685952,False
I2JPN011,130,0.5,2015-01-31 00:00:00+00:00,2025-10-31 00:00:00+00:00,0.15090719229942434,False
I2JPN012,130,0.5,2015-01-31 00:00:00+00:00,2025-10-31 00:00:00+00:00,0.14425284258180485,False
I2JPN013,130,0.5,2015-01-31 00:00:00+00:00,2025-10-31 00:00:00+00:00,0.15092932041161725,False
I2JPN014,130,0.5,2015-01-31 00:00:00+00:00,2025-10-31 00:00:00+00:00,0.1410607967125992,False
I2JPN015,130,0.5,2015-01-31 00:00:00+00:00,2025-10-31 00:00:00+00:00,0.14228628902686494,False
I3DNK002,130,0.5,2015-01-31 00:00:00+00:00,2025-10-31 00:00:00+00:00,0.1731648373331361,False
I3DEU029,130,0.5,2015-01-31 00:00:00+00:00,2025-10-31 00:00:00+00:00,0.17312785951617587,False
I3DEU016,130,0.5,2015-01-31 00:00:00+00:00,2025-10-31 00:00:00+00:00,0.18752669892614826,False
I3DEU028,130,0.5,2015-01-31 00:00:00+00:00,2025-10-31 00:00:00+00:00,0.23741925291756885,False
I3DEU027,130,0.5,2015-01-31 00:00:00+00:00,2025-10-31 00:00:00+00:00,0.22691953125718436,False
I3DEU026,130,0.5,2015-01-31 00:00:00+00:00,2025-10-31 00:00:00+00:00,0.1867285442792849,False
I3DEU025,130,0.5,2015-01-31 00:00:00+00:00,2025-10-31 00:00:00+00:00,0.3162958720321549,False
I3DEU024,130,0.5,2015-01-31 00:00:00+00:00,2025-10-31 00:00:00+00:00,0.22847279378259538,False
I3DEU023,130,0.5,2015-01-31 00:00:00+00:00,2025-10-31 00:00:00+00:00,0.27714015268205694,False
I3DEU022,130,0.5,2015-01-31 00:00:00+00:00,2025-10-31 00:00:00+00:00,0.18720208720908155,False
I3DEU021,130,0.5,2015-01-31 00:00:00+00:00,2025-10-31 00:00:00+00:00,0.20157499019691338,False
I3AUT001,130,0.5,2015-01-31 00:00:00+00:00,2025-10-31 00:00:00+00:00,0.2072205608859746,False
I3DEU019,130,0.5,2015-01-31 00:00:00+00:00,2025-10-31 00:00:00+00:00,0.2246249148440847,False
I3DEU017,130,0.5,2015-01-31 00:00:00+00:00,2025-10-31 00:00:00+00:00,0.17308108045734277,False
I2JPN032,130,0.5,2015-01-31 00:00:00+00:00,2025-10-31 00:00:00+00:00,0.2034700206033701,False
I2JPN033,130,0.5,2015-01-31 00:00:00+00:00,2025-10-31 00:00:00+00:00,0.3560821916337661,False
I3CHE002,130,0.5,2015-01-31 00:00:00+00:00,2025-10-31 00:00:00+00:00,0.12033960663881774,False
I3BEL005,130,0.5,2015-01-31 00:00:00+00:00,2025-10-31 00:00:00+00:00,0.16829118811226937,False
I2NZL003,130,0.5,2015-01-31 00:00:00+00:00,2025-10-31 00:00:00+00:00,0.11224834943209758,False
I2PAK002,130,0.5,2015-01-31 00:00:00+00:00,2025-10-31 00:00:00+00:00,0.21135634886848506,False
I2PHL003,130,0.5,2015-01-31 00:00:00+00:00,2025-10-31 00:00:00+00:00,0.15015230402681212,False
I2PHL004,130,0.5,2015-01-31 00:00:00+00:00,2025-10-31 00:00:00+00:00,0.16677377980548497,False
I2PHL005,130,0.5,2015-01-31 00:00:00+00:00,2025-10-31 00:00:00+00:00,0.16612603442935545,False
I3BEL008,130,0.5,2015-01-31 00:00:00+00:00,2025-10-31 00:00:00+00:00,0.1547120274583451,False
I3BEL007,130,0.5,2015-01-31 00:00:00+00:00,2025-10-31 00:00:00+00:00,0.13412859851188863,False
I3BEL006,130,0.5,2015-01-31 00:00:00+00:00,2025-10-31 00:00:00+00:00,0.16891999799403376,False
I2SGP001,130,0.5,2015-01-31 00:00:00+00:00,2025-10-31 00:00:00+00:00,0.14175129876861137,False
I2SGP002,130,0.5,2015-01-31 00:00:00+00:00,2025-10-31 00:00:00+00:00,0.15652592125412446,False
I2SGP005,130,0.5,2015-01-31 00:00:00+00:00,2025-10-31 00:00:00+00:00,0.1387408272172749,False
I3BEL004,130,0.5,2015-01-31 00:00:00+00:00,2025-10-31 00:00:00+00:00,0.15412262091000312,False
I2NZL001,130,0.5,2015-01-31 00:00:00+00:00,2025-10-31 00:00:00+00:00,0.12312533281764566,False
I3BEL003,130,0.5,2015-01-31 00:00:00+00:00,2025-10-31 00:00:00+00:00,0.1537908878163838,False
I2SGP007,130,0.5,2015-01-31 00:00:00+00:00,2025-10-31 00:00:00+00:00,0.1323857734423573,False
I3BEL002,130,0.5,2015-01-31 00:00:00+00:00,2025-10-31 00:00:00+00:00,0.15435444439511178,False
I3BEL001,130,0.5,2015-01-31 00:00:00+00:00,2025-10-31 00:00:00+00:00,0.1530317767435349,False
I3AUT006,130,0.5,2015-01-31 00:00:00+00:00,2025-10-31 00:00:00+00:00,0.20009562572929898,False
I3AUT005,130,0.5,2015-01-31 00:00:00+00:00,2025-10-31 00:00:00+00:00,0.17492361481477015,False
I3AUT004,130,0.5,2015-01-31 00:00:00+00:00,2025-10-31 00:00:00+00:00,0.24523176574129069,False
I2THA002,130,0.5,2015-01-31 00:00:00+00:00,2025-10-31 00:00:00+00:00,0.1511106810487759,False
I2THA003,130,0.5,2015-01-31 00:00:00+00:00,2025-10-31 00:00:00+00:00,0.15382253359944184,False
I2TWN001,130,0.5,2015-01-31 00:00:00+00:00,2025-10-31 00:00:00+00:00,0.1728780559402066,False
I2TWN002,130,0.5,2015-01-31 00:00:00+00:00,2025-10-31 00:00:00+00:00,0.1563507968722408,False
I2NZL002,130,0.5,2015-01-31 00:00:00+00:00,2025-10-31 00:00:00+00:00,0.13655022780517065,False
I2MYS004,130,0.5,2015-01-31 00:00:00+00:00,2025-10-31 00:00:00+00:00,0.10620773488544666,False
I2JPN034,130,0.5,2015-01-31 00:00:00+00:00,2025-10-31 00:00:00+00:00,0.18519686764364512,False
I2JPN046,130,0.5,2015-01-31 00:00:00+00:00,2025-10-31 00:00:00+00:00,0.23699017838140307,False
I2JPN035,130,0.5,2015-01-31 00:00:00+00:00,2025-10-31 00:00:00+00:00,0.31604796620440256,False
I2JPN036,130,0.5,2015-01-31 00:00:00+00:00,2025-10-31 00:00:00+00:00,0.24366551727581043,False
I2JPN037,130,0.5,2015-01-31 00:00:00+00:00,2025-10-31 00:00:00+00:00,0.2300725174722069,False
I2JPN038,130,0.5,2015-01-31 00:00:00+00:00,2025-10-31 00:00:00+00:00,0.19261089301615594,False
I2JPN039,130,0.5,2015-01-31 00:00:00+00:00,2025-10-31 00:00:00+00:00,0.18748849803062712,False
I2JPN040,130,0.5,2015-01-31 00:00:00+00:00,2025-10-31 00:00:00+00:00,0.1781800170336119,False
I2JPN041,130,0.5,2015-01-31 00:00:00+00:00,2025-10-31 00:00:00+00:00,0.18046597873129575,False
I2JPN042,130,0.5,2015-01-31 00:00:00+00:00,2025-10-31 00:00:00+00:00,0.18879378296074614,False
I2JPN043,130,0.5,2015-01-31 00:00:00+00:00,2025-10-31 00:00:00+00:00,0.1918167247422867,False
I2JPN044,130,0.5,2015-01-31 00:00:00+00:00,2025-10-31 00:00:00+00:00,0.13606827876526786,False
I2JPN045,130,0.5,2015-01-31 00:00:00+00:00,2025-10-31 00:00:00+00:00,0.2002224667435443,False
I2JPN047,130,0.5,2015-01-31 00:00:00+00:00,2025-10-31 00:00:00+00:00,0.17200660786873956,False
I2MYS002,130,0.5,2015-01-31 00:00:00+00:00,2025-10-31 00:00:00+00:00,0.1046295213910153,False
I2JPN048,130,0.5,2015-01-31 00:00:00+00:00,2025-10-31 00:00:00+00:00,0.15927014591547303,False
I2JPN049,130,0.5,2015-01-31 00:00:00+00:00,2025-10-31 00:00:00+00:00,0.21728592731330146,False
I2JPN050,130,0.5,2015-01-31 00:00:00+00:00,2025-10-31 00:00:00+00:00,0.16521726129396058,False
I2JPN051,130,0.5,2015-01-31 00:00:00+00:00,2025-10-31 00:00:00+00:00,0.17407333019537355,False
I2KHG010,130,0.5,2015-01-31 00:00:00+00:00,2025-10-31 00:00:00+00:00,0.1926021517103562,False
I2KOR001,130,0.5,2015-01-31 00:00:00+00:00,2025-10-31 00:00:00+00:00,0.1867599801545071,False
I2KOR003,130,0.5,2015-01-31 00:00:00+00:00,2025-10-31 00:00:00+00:00,0.17805932860234377,False
I2KOR004,130,0.5,2015-01-31 00:00:00+00:00,2025-10-31 00:00:00+00:00,0.18329415922523556,False
I2KOR005,130,0.5,2015-01-31 00:00:00+00:00,2025-10-31 00:00:00+00:00,0.22072671470494584,False
I3CHE001,130,0.5,2015-01-31 00:00:00+00:00,2025-10-31 00:00:00+00:00,0.12007532983454239,False
I3BGR001,130,0.5,2015-01-31 00:00:00+00:00,2025-10-31 00:00:00+00:00,0.1417542366761009,False
I3ESP004,130,0.5,2015-01-31 00:00:00+00:00,2025-10-31 00:00:00+00:00,0.18398155065553076,False
I3AUT003,130,0.5,2015-01-31 00:00:00+00:00,2025-10-31 00:00:00+00:00,0.23184873004016449,False
I3ESP035,130,0.5,2015-01-31 00:00:00+00:00,2025-10-31 00:00:00+00:00,0.33221303419485765,False
I2JPN006,130,0.5,2015-01-31 00:00:00+00:00,2025-10-31 00:00:00+00:00,0.16816547521418004,False
I2IDN003,130,0.5,2015-01-31 00:00:00+00:00,2025-10-31 00:00:00+00:00,0.13488431436546428,False
I2IDN004,130,0.5,2015-01-31 00:00:00+00:00,2025-10-31 00:00:00+00:00,0.16997239599183175,False
I2IND001,130,0.5,2015-01-31 00:00:00+00:00,2025-10-31 00:00:00+00:00,0.16091611897156738,False
I2IND004,130,0.5,2015-01-31 00:00:00+00:00,2025-10-31 00:00:00+00:00,0.16321457010438223,False
I2IND005,130,0.5,2015-01-31 00:00:00+00:00,2025-10-31 00:00:00+00:00,0.1689590395642115,False
I2IND007,130,0.5,2015-01-31 00:00:00+00:00,2025-10-31 00:00:00+00:00,0.16221106660816764,False
I2JPN001,130,0.5,2015-01-31 00:00:00+00:00,2025-10-31 00:00:00+00:00,0.14709378811531484,False
I2JPN004,130,0.5,2015-01-31 00:00:00+00:00,2025-10-31 00:00:00+00:00,0.14809498475113198,False
I2JPN007,130,0.5,2015-01-31 00:00:00+00:00,2025-10-31 00:00:00+00:00,0.14408184964288012,False
I2HKG006,130,0.5,2015-01-31 00:00:00+00:00,2025-10-31 00:00:00+00:00,0.1531481730732039,False
I2JPN008,130,0.5,2015-01-31 00:00:00+00:00,2025-10-31 00:00:00+00:00,0.14206648116706475,False
I1ZAF003,130,0.5,2015-01-31 00:00:00+00:00,2025-10-31 00:00:00+00:00,0.1406049974317678,False
I1ZAF002,130,0.5,2015-01-31 00:00:00+00:00,2025-10-31 00:00:00+00:00,0.15222096102579488,False
I1ZAF001,130,0.5,2015-01-31 00:00:00+00:00,2025-10-31 00:00:00+00:00,0.14725645684386016,False
I2AUS005,130,0.5,2015-01-31 00:00:00+00:00,2025-10-31 00:00:00+00:00,0.14283274650598282,False
I1SAU001,130,0.5,2015-01-31 00:00:00+00:00,2025-10-31 00:00:00+00:00,0.18863830277779317,False
I1NGA001,130,0.5,2015-01-31 00:00:00+00:00,2025-10-31 00:00:00+00:00,0.2299106965472036,False
I1MAR001,130,0.5,2015-01-31 00:00:00+00:00,2025-10-31 00:00:00+00:00,0.13386709216753773,False
I2HKG008,130,0.5,2015-01-31 00:00:00+00:00,2025-10-31 00:00:00+00:00,0.1962995826374753,False
I2HKG005,130,0.5,2015-01-31 00:00:00+00:00,2025-10-31 00:00:00+00:00,0.23745144803837132,False
I1ISR001,130,0.5,2015-01-31 00:00:00+00:00,2025-10-31 00:00:00+00:00,0.1459719344213033,False
I3FIN002,130,0.5,2015-01-31 00:00:00+00:00,2025-10-31 00:00:00+00:00,0.15016420348134707,False
I2AUS006,130,0.5,2015-01-31 00:00:00+00:00,2025-10-31 00:00:00+00:00,0.14216769821326167,False
I2AUS007,130,0.5,2015-01-31 00:00:00+00:00,2025-10-31 00:00:00+00:00,0.1390789118441467,False
I2AUS008,130,0.5,2015-01-31 00:00:00+00:00,2025-10-31 00:00:00+00:00,0.1410038308955448,False
I2AUS009,130,0.5,2015-01-31 00:00:00+00:00,2025-10-31 00:00:00+00:00,0.1422077057838242,False
I2AUS010,130,0.5,2015-01-31 00:00:00+00:00,2025-10-31 00:00:00+00:00,0.1392190879304829,False
I2AUS002,130,0.5,2015-01-31 00:00:00+00:00,2025-10-31 00:00:00+00:00,0.1398988951562002,False
I3EST002,130,0.5,2015-01-31 00:00:00+00:00,2025-10-31 00:00:00+00:00,0.1340044611247513,False
I2AUS012,130,0.5,2015-01-31 00:00:00+00:00,2025-10-31 00:00:00+00:00,0.14287176478279687,False
I2CHN001,130,0.5,2015-01-31 00:00:00+00:00,2025-10-31 00:00:00+00:00,0.1976004246780314,False
I2HKG004,130,0.5,2015-01-31 00:00:00+00:00,2025-10-31 00:00:00+00:00,0.20749327754146887,False
I2CHN003,130,0.5,2015-01-31 00:00:00+00:00,2025-10-31 00:00:00+00:00,0.1892344107544695,False
I2CHN004,130,0.5,2015-01-31 00:00:00+00:00,2025-10-31 00:00:00+00:00,0.18881779199251178,False
I3FIN003,130,0.5,2015-01-31 00:00:00+00:00,2025-10-31 00:00:00+00:00,0.1486334736469904,False
I2CHN005,130,0.5,2015-01-31 00:00:00+00:00,2025-10-31 00:00:00+00:00,0.2038988164209368,False
I2CHN006,130,0.5,2015-01-31 00:00:00+00:00,2025-10-31 00:00:00+00:00,0.20980399478361575,False
I2HKG001,130,0.5,2015-01-31 00:00:00+00:00,2025-10-31 00:00:00+00:00,0.23468557985946964,False
I2HKG002,130,0.5,2015-01-31 00:00:00+00:00,2025-10-31 00:00:00+00:00,0.2030910679952798,False
I2HKG003,130,0.5,2015-01-31 00:00:00+00:00,2025-10-31 00:00:00+00:00,0.23449021929826894,False
I1ISR002,130,0.5,2015-01-31 00:00:00+00:00,2025-10-31 00:00:00+00:00,0.14501009597555986,False
I2AUS004,130,0.5,2015-01-31 00:00:00+00:00,2025-10-31 00:00:00+00:00,0.14380670828008718,False
I3ESP052,130,0.5,2015-01-31 00:00:00+00:00,2025-10-31 00:00:00+00:00,0.3022454752063409,False
I3ESP041,130,0.5,2015-01-31 00:00:00+00:00,2025-10-31 00:00:00+00:00,0.19856572326141483,False
I3ESP043,130,0.5,2015-01-31 00:00:00+00:00,2025-10-31 00:00:00+00:00,0.16553490773179705,False
I3ESP044,130,0.5,2015-01-31 00:00:00+00:00,2025-10-31 00:00:00+00:00,0.2896124762313902,False
I3ESP045,130,0.5,2015-01-31 00:00:00+00:00,2025-10-31 00:00:00+00:00,0.11977637263117742,False
I3ESP060,130,0.5,2015-01-31 00:00:00+00:00,2025-10-31 00:00:00+00:00,0.30478119528148334,False
I3ESP059,130,0.5,2015-01-31 00:00:00+00:00,2025-10-31 00:00:00+00:00,0.2505551936853145,False
I3ESP046,130,0.5,2015-01-31 00:00:00+00:00,2025-10-31 00:00:00+00:00,0.22384729360279193,False
I3ESP047,130,0.5,2015-01-31 00:00:00+00:00,2025-10-31 00:00:00+00:00,0.35458918515036014,False
I3ESP048,130,0.5,2015-01-31 00:00:00+00:00,2025-10-31 00:00:00+00:00,0.284879311487902,False
I3ESP058,130,0.5,2015-01-31 00:00:00+00:00,2025-10-31 00:00:00+00:00,0.22021103719519564,False
I3ESP057,130,0.5,2015-01-31 00:00:00+00:00,2025-10-31 00:00:00+00:00,0.5259189518517237,False
I3ESP055,130,0.5,2015-01-31 00:00:00+00:00,2025-10-31 00:00:00+00:00,0.27136747040823367,False
I3ESP054,130,0.5,2015-01-31 00:00:00+00:00,2025-10-31 00:00:00+00:00,0.2251220100284083,False
I3ESP049,130,0.5,2015-01-31 00:00:00+00:00,2025-10-31 00:00:00+00:00,0.22951471838641752,False
I3ESP050,130,0.5,2015-01-31 00:00:00+00:00,2025-10-31 00:00:00+00:00,0.2595051083449642,False
I3ESP053,130,0.5,2015-01-31 00:00:00+00:00,2025-10-31 00:00:00+00:00,0.23269415877188762,False
I3ESP042,130,0.5,2015-01-31 00:00:00+00:00,2025-10-31 00:00:00+00:00,0.2615022108750019,False
I3ESP051,130,0.5,2015-01-31 00:00:00+00:00,2025-10-31 00:00:00+00:00,0.2551921427065012,False
I3ESP036,130,0.5,2015-01-31 00:00:00+00:00,2025-10-31 00:00:00+00:00,0.308927781231227,False
I3ESP037,130,0.5,2015-01-31 00:00:00+00:00,2025-10-31 00:00:00+00:00,0.2165939431403476,False
I3ESP039,130,0.5,2015-01-31 00:00:00+00:00,2025-10-31 00:00:00+00:00,0.4785390231307749,False
I2BGD002,129,0.49615384615384617,2015-02-28 00:00:00+00:00,2025-10-31 00:00:00+00:00,0.15245755333572295,False
I2LKA001,129,0.49615384615384617,2015-01-31 00:00:00+00:00,2025-10-31 00:00:00+00:00,0.26166332281951127,False
I6UNK134,128,0.49230769230769234,2015-03-31 00:00:00+00:00,2025-10-31 00:00:00+00:00,0.2464286148153985,False
I3GBR037,127,0.48846153846153845,2015-01-31 00:00:00+00:00,2025-09-30 00:00:00+00:00,0.3633548027112694,False
I3GRC015,111,0.4269230769230769,2015-01-31 00:00:00+00:00,2024-03-31 00:00:00+00:00,0.2501904928270935,False
I6UNK072,106,0.4076923076923077,2015-01-31 00:00:00+00:00,2023-10-31 00:00:00+00:00,0.3870817576198237,False
I6UNK095,106,0.4076923076923077,2015-01-31 00:00:00+00:00,2023-10-31 00:00:00+00:00,0.3287153945424929,False
I6UNK096,106,0.4076923076923077,2015-01-31 00:00:00+00:00,2023-10-31 00:00:00+00:00,0.32373317697753173,False
I6UNK076,106,0.4076923076923077,2015-01-31 00:00:00+00:00,2023-10-31 00:00:00+00:00,0.29225829641995404,False
I6UNK073,106,0.4076923076923077,2015-01-31 00:00:00+00:00,2023-10-31 00:00:00+00:00,0.24435759576255614,False
I6UNK067,106,0.4076923076923077,2015-01-31 00:00:00+00:00,2023-10-31 00:00:00+00:00,0.18959468048023898,False
I6UNK075,106,0.4076923076923077,2015-01-31 00:00:00+00:00,2023-10-31 00:00:00+00:00,0.33919628714481576,False
I6UNK068,106,0.4076923076923077,2015-01-31 00:00:00+00:00,2023-10-31 00:00:00+00:00,0.20396738614977064,False
I6UNK074,106,0.4076923076923077,2015-01-31 00:00:00+00:00,2023-10-31 00:00:00+00:00,0.3199723588735038,False
I2MYS001,104,0.4,2015-01-31 00:00:00+00:00,2023-08-31 00:00:00+00:00,0.16346820598054226,False
I6UNK098,104,0.4,2015-01-31 00:00:00+00:00,2023-08-31 00:00:00+00:00,0.32379528008776726,False
I6UNK102,104,0.4,2015-01-31 00:00:00+00:00,2023-08-31 00:00:00+00:00,0.5802785989865128,False
I6UNK103,104,0.4,2015-01-31 00:00:00+00:00,2023-08-31 00:00:00+00:00,0.34390110993415407,False
I2HKG007,104,0.4,2015-01-31 00:00:00+00:00,2023-08-31 00:00:00+00:00,0.20631991558405866,False
I2IND002,104,0.4,2015-01-31 00:00:00+00:00,2023-08-31 00:00:00+00:00,0.22382717646745834,False
I6UNK114,104,0.4,2015-01-31 00:00:00+00:00,2023-08-31 00:00:00+00:00,0.21404520705874788,False
I6UNK116,104,0.4,2015-01-31 00:00:00+00:00,2023-08-31 00:00:00+00:00,0.18786346767666368,False
I2IDN001,104,0.4,2015-01-31 00:00:00+00:00,2023-08-31 00:00:00+00:00,0.2550133388228264,False
I2KOR002,104,0.4,2015-01-31 00:00:00+00:00,2023-08-31 00:00:00+00:00,0.23665969767907624,False
I2PHL001,104,0.4,2015-01-31 00:00:00+00:00,2023-08-31 00:00:00+00:00,0.21674279280042455,False
I6UNK099,104,0.4,2015-01-31 00:00:00+00:00,2023-08-31 00:00:00+00:00,0.37163628721983755,False
I3RUS002,94,0.36153846153846153,2015-01-31 00:00:00+00:00,2022-10-31 00:00:00+00:00,0.2965551859465214,False
I6UNK092,89,0.3423076923076923,2015-01-31 00:00:00+00:00,2022-05-31 00:00:00+00:00,0.14826454864675626,False
I6UNK088,89,0.3423076923076923,2015-01-31 00:00:00+00:00,2022-05-31 00:00:00+00:00,0.16689107192080363,False
I6UNK065,89,0.3423076923076923,2015-01-31 00:00:00+00:00,2022-05-31 00:00:00+00:00,0.15842003435426627,False
I6UNK064,89,0.3423076923076923,2015-01-31 00:00:00+00:00,2022-05-31 00:00:00+00:00,0.16025289682230337,False
I6UNK091,89,0.3423076923076923,2015-01-31 00:00:00+00:00,2022-05-31 00:00:00+00:00,0.14870154327439256,False
I6UNK090,89,0.3423076923076923,2015-01-31 00:00:00+00:00,2022-05-31 00:00:00+00:00,0.16288701691190263,False
I6UNK087,89,0.3423076923076923,2015-01-31 00:00:00+00:00,2022-05-31 00:00:00+00:00,0.1413945534740235,False
I6UNK089,89,0.3423076923076923,2015-01-31 00:00:00+00:00,2022-05-31 00:00:00+00:00,0.14752782059237352,False
I6UNK093,89,0.3423076923076923,2015-01-31 00:00:00+00:00,2022-05-31 00:00:00+00:00,0.14510302010213572,False
I6UNK094,89,0.3423076923076923,2015-01-31 00:00:00+00:00,2022-05-31 00:00:00+00:00,0.15004141623836115,False
I2IND006,88,0.3384615384615385,2015-01-31 00:00:00+00:00,2025-10-31 00:00:00+00:00,0.3657484874931753,False
I2JPN017,88,0.3384615384615385,2015-01-31 00:00:00+00:00,2022-04-30 00:00:00+00:00,0.15190611152080613,False
I2JPN016,88,0.3384615384615385,2015-01-31 00:00:00+00:00,2022-04-30 00:00:00+00:00,0.16071987684167807,False
I6UNK149,83,0.3192307692307692,2015-01-31 00:00:00+00:00,2025-10-31 00:00:00+00:00,0.3081538216151546,False
I6UNK154,75,0.28846153846153844,2015-01-31 00:00:00+00:00,2021-03-31 00:00:00+00:00,0.18946993251939495,False
I3GBR079,75,0.28846153846153844,2015-01-31 00:00:00+00:00,2021-03-31 00:00:00+00:00,0.4470406089675345,False
I3GBR046,75,0.28846153846153844,2015-01-31 00:00:00+00:00,2021-03-31 00:00:00+00:00,0.18224337568466042,False
I3GBR080,75,0.28846153846153844,2015-01-31 00:00:00+00:00,2021-03-31 00:00:00+00:00,0.43972475494569624,False
I3GBR031,75,0.28846153846153844,2015-01-31 00:00:00+00:00,2021-03-31 00:00:00+00:00,0.2592665098844733,False
I3DEU013,70,0.2692307692307692,2015-01-31 00:00:00+00:00,2020-10-31 00:00:00+00:00,0.3138822963487409,False
I3DEU015,70,0.2692307692307692,2015-01-31 00:00:00+00:00,2020-10-31 00:00:00+00:00,0.24844898455533748,False
I3DEU018,70,0.2692307692307692,2015-01-31 00:00:00+00:00,2020-10-31 00:00:00+00:00,0.34589054410440107,False
I4PER003,69,0.2653846153846154,2015-01-31 00:00:00+00:00,2020-09-30 00:00:00+00:00,0.3236947106721576,False
I3ESP040,68,0.26153846153846155,2015-01-31 00:00:00+00:00,2020-09-30 00:00:00+00:00,0.6714584596761182,False
I1KEN001,63,0.2423076923076923,2015-01-31 00:00:00+00:00,2020-03-31 00:00:00+00:00,0.17200845690302588,False
I3IRL003,50,0.19230769230769232,2015-01-31 00:00:00+00:00,2019-02-28 00:00:00+00:00,0.1437209281251487,False
I4ARG001,49,0.18846153846153846,2015-01-31 00:00:00+00:00,2019-01-31 00:00:00+00:00,0.2828063419267514,False
I3ESP038,48,0.18461538461538463,2015-01-31 00:00:00+00:00,2018-12-31 00:00:00+00:00,0.12763427048081524,False
I3ESP056,48,0.18461538461538463,2015-01-31 00:00:00+00:00,2018-12-31 00:00:00+00:00,0.1714413291072389,False
I1JOR001,45,0.17307692307692307,2015-01-31 00:00:00+00:00,2018-09-30 00:00:00+00:00,0.3808699476741109,False
I4CHL004,44,0.16923076923076924,2015-01-31 00:00:00+00:00,2018-08-31 00:00:00+00:00,0.13558882864962635,False
I6UNK097,42,0.16153846153846155,2015-01-31 00:00:00+00:00,2018-06-30 00:00:00+00:00,0.1606007264372587,False
I2PAK001,42,0.16153846153846155,2015-01-31 00:00:00+00:00,2018-06-30 00:00:00+00:00,0.19680264565694988,False
I2CHN002,42,0.16153846153846155,2015-01-31 00:00:00+00:00,2018-06-30 00:00:00+00:00,0.2112502800253992,False
I6UNK117,42,0.16153846153846155,2015-01-31 00:00:00+00:00,2018-06-30 00:00:00+00:00,0.11609958899084448,False
I3ITA002,42,0.16153846153846155,2015-01-31 00:00:00+00:00,2018-06-30 00:00:00+00:00,0.17818947392647058,False
I4ECU001,40,0.15384615384615385,2015-01-31 00:00:00+00:00,2018-04-30 00:00:00+00:00,0.07196893578637643,False
I3DEU006,40,0.15384615384615385,2015-01-31 00:00:00+00:00,2018-04-30 00:00:00+00:00,0.1527822814261621,False
I1EGY001,40,0.15384615384615385,2015-01-31 00:00:00+00:00,2018-04-30 00:00:00+00:00,0.2867447442867343,False
I3EST001,34,0.13076923076923078,2015-01-31 00:00:00+00:00,2017-10-31 00:00:00+00:00,0.1232364341580843,False
I4CHL001,34,0.13076923076923078,2015-01-31 00:00:00+00:00,2017-10-31 00:00:00+00:00,0.1677149832204417,False
I4PER001,34,0.13076923076923078,2015-01-31 00:00:00+00:00,2017-10-31 00:00:00+00:00,0.2002694335727959,False
I4ARG002,34,0.13076923076923078,2015-01-31 00:00:00+00:00,2017-10-31 00:00:00+00:00,0.3090462364124612,False
I4MEX002,34,0.13076923076923078,2015-01-31 00:00:00+00:00,2017-10-31 00:00:00+00:00,0.1765402608504044,False
I4BRA001,34,0.13076923076923078,2015-01-31 00:00:00+00:00,2017-10-31 00:00:00+00:00,0.3528244388451737,False
I4COL001,34,0.13076923076923078,2015-01-31 00:00:00+00:00,2017-10-31 00:00:00+00:00,0.27992538725376254,False
I3HUN002,34,0.13076923076923078,2015-01-31 00:00:00+00:00,2017-10-31 00:00:00+00:00,0.22566123867444052,False
86UNK080,34,0.13076923076923078,2015-01-31 00:00:00+00:00,2017-10-31 00:00:00+00:00,0.17865341748110525,False
I6UNK077,34,0.13076923076923078,2015-01-31 00:00:00+00:00,2017-10-31 00:00:00+00:00,0.20150217590178682,False
I6UNK069,34,0.13076923076923078,2015-01-31 00:00:00+00:00,2017-10-31 00:00:00+00:00,0.1693204870804544,False
I3HRV002,34,0.13076923076923078,2015-01-31 00:00:00+00:00,2017-10-31 00:00:00+00:00,0.2821533354756521,False
I6UNK070,34,0.13076923076923078,2015-01-31 00:00:00+00:00,2017-10-31 00:00:00+00:00,0.17430712065042583,False
I6UNK071,34,0.13076923076923078,2015-01-31 00:00:00+00:00,2017-10-31 00:00:00+00:00,0.15072790271080497,False
I3CYP001,34,0.13076923076923078,2015-01-31 00:00:00+00:00,2017-10-31 00:00:00+00:00,0.3367087093002909,False
I3CZE001,34,0.13076923076923078,2015-01-31 00:00:00+00:00,2017-10-31 00:00:00+00:00,0.18584964889255606,False
I6UNK101,34,0.13076923076923078,2015-01-31 00:00:00+00:00,2017-10-31 00:00:00+00:00,0.29623956450639394,False
I6UNK100,34,0.13076923076923078,2015-01-31 00:00:00+00:00,2017-10-31 00:00:00+00:00,0.24295117470735617,False
I3LTU001,34,0.13076923076923078,2015-01-31 00:00:00+00:00,2017-10-31 00:00:00+00:00,0.22107342575723232,False
I6UNK078,34,0.13076923076923078,2015-01-31 00:00:00+00:00,2017-10-31 00:00:00+00:00,0.18935829123801523,False
I3MLT001,18,0.06923076923076923,2015-01-31 00:00:00+00:00,2016-06-30 00:00:00+00:00,0.4660371568780328,False
I6UNK079,15,0.057692307692307696,2015-01-31 00:00:00+00:00,2016-03-31 00:00:00+00:00,0.2282175196451024,False
I6UNK066,15,0.057692307692307696,2015-01-31 00:00:00+00:00,2016-03-31 00:00:00+00:00,0.21166374710030336,False
I4PER002,13,0.05,2015-01-31 00:00:00+00:00,2016-01-31 00:00:00+00:00,0.19775975859954645,False
I3LVA001,6,0.023076923076923078,2015-01-31 00:00:00+00:00,2015-06-30 00:00:00+00:00,0.5051641446698217,False
I1SVN001,0,0.0,,,,False
I4ARG004,0,0.0,,,,False
I6UNK105,0,0.0,,,,False
I1GHA001,0,0.0,,,,False
I1QAT001,0,0.0,,,,False
I5CAN005,0,0.0,,,,False
I6UNK062,0,0.0,,,,False
I6UNK061,0,0.0,,,,False
I2PHL002,0,0.0,,,,False
I6UNK123,0,0.0,,,,False
I2SGP006,0,0.0,,,,False
I6UNK124,0,0.0,,,,False
I1ZWE001,0,0.0,,,,False
I2SGP004,0,0.0,,,,False
I6UNK137,0,0.0,,,,False
I6UNK145,0,0.0,,,,False
I2BGD001,0,0.0,,,,False
I2AUS011,0,0.0,,,,False
I2MYS003,0,0.0,,,,False
I4VEN001,0,0.0,,,,False
I2AUS003,0,0.0,,,,False
I6UNK060,0,0.0,,,,False
I3FIN007,0,0.0,,,,False
I3SWE013,0,0.0,,,,False
I3FRA052,0,0.0,,,,False
I3FRA062,0,0.0,,,,False
I3FRA060,0,0.0,,,,False
I3FRA059,0,0.0,,,,False
I3FRA058,0,0.0,,,,False
I3FRA057,0,0.0,,,,False
I3FRA056,0,0.0,,,,False
I3FRA055,0,0.0,,,,False
I3FRA054,0,0.0,,,,False
I3FRA053,0,0.0,,,,False
I3FRA051,0,0.0,,,,False
I3FRA065,0,0.0,,,,False
I3FRA050,0,0.0,,,,False
I3FRA049,0,0.0,,,,False
I3FRA048,0,0.0,,,,False
I3FRA047,0,0.0,,,,False
I3FRA046,0,0.0,,,,False
I3FRA045,0,0.0,,,,False
I3FRA043,0,0.0,,,,False
I3FRA042,0,0.0,,,,False
I3FRA041,0,0.0,,,,False
I3FRA063,0,0.0,,,,False
I3FRA066,0,0.0,,,,False
I3GBR070,0,0.0,,,,False
I3DNK012,0,0.0,,,,False
I3DNK003,0,0.0,,,,False
I3DNK004,0,0.0,,,,False
I3DNK005,0,0.0,,,,False
I3DNK006,0,0.0,,,,False
I3DNK007,0,0.0,,,,False
I3DNK008,0,0.0,,,,False
I3DNK009,0,0.0,,,,False
I3DNK010,0,0.0,,,,False
I3DNK011,0,0.0,,,,False
I3GBR015,0,0.0,,,,False
I3FRA067,0,0.0,,,,False
I3FRA076,0,0.0,,,,False
I3FRA075,0,0.0,,,,False
I3FRA074,0,0.0,,,,False
I3FRA073,0,0.0,,,,False
I3FRA072,0,0.0,,,,False
I3FRA071,0,0.0,,,,False
I3FRA070,0,0.0,,,,False
I3FRA069,0,0.0,,,,False
I3FRA068,0,0.0,,,,False
I3FRA040,0,0.0,,,,False
I3FRA039,0,0.0,,,,False
I3FRA038,0,0.0,,,,False
I3FIN019,0,0.0,,,,False
I3FRA011,0,0.0,,,,False
I3FRA010,0,0.0,,,,False
I3FRA009,0,0.0,,,,False
I3FRA008,0,0.0,,,,False
I3FRA007,0,0.0,,,,False
I3ESP061,0,0.0,,,,False
I3FIN004,0,0.0,,,,False
I3FIN005,0,0.0,,,,False
I3FIN006,0,0.0,,,,False
I3FIN018,0,0.0,,,,False
I3FRA037,0,0.0,,,,False
I3FIN017,0,0.0,,,,False
I3FIN016,0,0.0,,,,False
I3FIN015,0,0.0,,,,False
I3FIN014,0,0.0,,,,False
I3FIN013,0,0.0,,,,False
I3FIN012,0,0.0,,,,False
I3FIN011,0,0.0,,,,False
I3FIN010,0,0.0,,,,False
I3FIN009,0,0.0,,,,False
I3FRA012,0,0.0,,,,False
I3FRA013,0,0.0,,,,False
I3FRA014,0,0.0,,,,False
I3FRA015,0,0.0,,,,False
I3FRA036,0,0.0,,,,False
I3FRA035,0,0.0,,,,False
I3FRA034,0,0.0,,,,False
I3FRA033,0,0.0,,,,False
I3FRA031,0,0.0,,,,False
I3FRA030,0,0.0,,,,False
I3FRA029,0,0.0,,,,False
I3FRA028,0,0.0,,,,False
I3FRA027,0,0.0,,,,False
I3FRA026,0,0.0,,,,False
I3FRA025,0,0.0,,,,False
I3FRA024,0,0.0,,,,False
I3FRA023,0,0.0,,,,False
I3FRA022,0,0.0,,,,False
I3FRA021,0,0.0,,,,False
I3FRA020,0,0.0,,,,False
I3FRA019,0,0.0,,,,False
I3FRA018,0,0.0,,,,False
I3FRA016,0,0.0,,,,False
I3GBR064,0,0.0,,,,False
I3CHE016,0,0.0,,,,False
I3SWE012,0,0.0,,,,False
I3NLD002,0,0.0,,,,False
I3BEL014,0,0.0,,,,False
I3BEL015,0,0.0,,,,False
I3NLD009,0,0.0,,,,False
I3NLD008,0,0.0,,,,False
I3NLD007,0,0.0,,,,False
I3NLD006,0,0.0,,,,False
I3NLD005,0,0.0,,,,False
I3NLD004,0,0.0,,,,False
I3NLD003,0,0.0,,,,False
I3NLD001,0,0.0,,,,False
I3BEL012,0,0.0,,,,False
I3FIN008,0,0.0,,,,False
I3BEL017,0,0.0,,,,False
I3ITA027,0,0.0,,,,False
I3ITA026,0,0.0,,,,False
I3ITA025,0,0.0,,,,False
I3ITA024,0,0.0,,,,False
I3ITA023,0,0.0,,,,False
I3ITA022,0,0.0,,,,False
I3ITA021,0,0.0,,,,False
I3BEL013,0,0.0,,,,False
I3NOR001,0,0.0,,,,False
I3CHE015,0,0.0,,,,False
I3PRT012,0,0.0,,,,False
I3SWE011,0,0.0,,,,False
I3SWE010,0,0.0,,,,False
I3SWE009,0,0.0,,,,False
I3SWE008,0,0.0,,,,False
I3SWE007,0,0.0,,,,False
I3SWE006,0,0.0,,,,False
I3SWE005,0,0.0,,,,False
I3RUS001,0,0.0,,,,False
I3PRT013,0,0.0,,,,False
I3PRT011,0,0.0,,,,False
I3BEL011,0,0.0,,,,False
I3PRT009,0,0.0,,,,False
I3PRT008,0,0.0,,,,False
I3PRT007,0,0.0,,,,False
I3PRT006,0,0.0,,,,False
I3PRT005,0,0.0,,,,False
I3PRT004,0,0.0,,,,False
I3PRT001,0,0.0,,,,False
I3BEL009,0,0.0,,,,False
I3BEL010,0,0.0,,,,False
I3ITA020,0,0.0,,,,False
I3ITA019,0,0.0,,,,False
I3ITA018,0,0.0,,,,False
I3GRC007,0,0.0,,,,False
I3GRC018,0,0.0,,,,False
I3GRC017,0,0.0,,,,False
I3GRC016,0,0.0,,,,False
I3GRC014,0,0.0,,,,False
I3GRC013,0,0.0,,,,False
I3GRC012,0,0.0,,,,False
I3GRC010,0,0.0,,,,False
I3GRC009,0,0.0,,,,False
I3GRC008,0,0.0,,,,False
I3GRC006,0,0.0,,,,False
I3ITA017,0,0.0,,,,False
I3GRC005,0,0.0,,,,False
I3GRC004,0,0.0,,,,False
I3GRC003,0,0.0,,,,False
I3GRC002,0,0.0,,,,False
I3GRC001,0,0.0,,,,False
I3CHE011,0,0.0,,,,False
I3CHE012,0,0.0,,,,False
I3CHE013,0,0.0,,,,False
I3CHE014,0,0.0,,,,False
I3GRC019,0,0.0,,,,False
I3CHE010,0,0.0,,,,False
I3CHE009,0,0.0,,,,False
I3CHE008,0,0.0,,,,False
I3ITA016,0,0.0,,,,False
I3ITA015,0,0.0,,,,False
I3ITA014,0,0.0,,,,False
I3ITA013,0,0.0,,,,False
I3ITA012,0,0.0,,,,False
I3ITA011,0,0.0,,,,False
I3ITA010,0,0.0,,,,False
I3ITA009,0,0.0,,,,False
I3ITA008,0,0.0,,,,False
I3ITA007,0,0.0,,,,False
I3ITA006,0,0.0,,,,False
I3ITA005,0,0.0,,,,False
I3ITA004,0,0.0,,,,False
I3ITA001,0,0.0,,,,False
I3CHE003,0,0.0,,,,False
I3CHE004,0,0.0,,,,False
I3CHE005,0,0.0,,,,False
I3CHE006,0,0.0,,,,False
I3CHE007,0,0.0,,,,False
I3BEL016,0,0.0,,,,False
